{
  "contacts": [
    {
      "id": "0909",
      "fullname": "حامد",
      "email": "doxerif126@gekme.com",
      "mobilenumber": "09151675512",
      "address": "",
      "group": "",
      "job": "free",
      "photo": "https://cdn.pixabay.com/photo/2015/04/23/22/00/tree-736885_1280.jpg",
      "telegramID": "sssss",
      "city": "Menderes"
    },
    {
      "id": "3a13",
      "fullname": "حسن",
      "email": "uri1990@gmail.com",
      "mobilenumber": "09000",
      "address": "",
      "group": "",
      "job": "free",
      "photo": "https://cdn.pixabay.com/photo/2015/04/23/22/00/tree-736885_1280.jpg",
      "telegramID": "hasan",
      "city": "mashhad"
    }
  ],
  "groups": [
    {
      "id": "1",
      "name": "همکار"
    },
    {
      "id": "2",
      "name": "دوست"
    },
    {
      "id": "3",
      "name": "خانواده"
    },
    {
      "id": "4",
      "name": "دانشجو"
    }
  ]
}